path,line1,line2,annotation
dataset/pandas-dev/pandas/619ce2d03fdcad58a69697afa72d898a34a7b42f/Posix/actions-38.yaml pyarrow=5 single_cpu,2022-04-27T12:34:02.3553364Z  * [new tag]               v0.7.3                -> v0.7.3,2022-04-27T12:43:01.2633930Z  * [new tag]               v0.23.0.dev0          -> v0.23.0.dev0,3
dataset/pandas-dev/pandas/619ce2d03fdcad58a69697afa72d898a34a7b42f/Posix/actions-38.yaml pyarrow=5 single_cpu,2022-04-27T12:35:06.4035616Z channels:,2022-04-27T12:44:02.5160187Z  2022-04-27 12:42:23.667 UTC [1] LOG:  database system is ready to accept connections,2
dataset/pandas-dev/pandas/6317d81ea3681d24773ff208c4bb12d8e50eca78/Code Checks/Docstring and typing validation,2022-06-09T18:58:32.2996316Z ##[endgroup],2022-06-09T19:01:29.9471915Z   origin/main,1
dataset/pandas-dev/pandas/6317d81ea3681d24773ff208c4bb12d8e50eca78/Code Checks/Docstring and typing validation,2022-06-09T19:10:13.4315051Z building 'pandas._libs.tslibs.nattype' extension,2022-06-09T19:13:18.4976066Z creating build/temp.linux-x86_64-cpython-38/pandas/_libs/tslibs/src/datetime,1
dataset/pandas-dev/pandas/d0e3820ba4facb402600346c017e2307c4baa2d0/Posix/Downstream Compat,2022-04-27T12:26:00.6044955Z ##[group]Virtual Environment,2022-04-27T12:26:33.6827563Z ##[group]Virtual Environment,2
dataset/pandas-dev/pandas/d0e3820ba4facb402600346c017e2307c4baa2d0/Posix/Downstream Compat,2022-04-27T12:27:12.6242273Z   LANG: ,2022-04-27T12:27:32.7184904Z   ENV_FILE: ci/deps/actions-38-downstream_compat.yaml,2
dataset/pandas-dev/pandas/0277a9c49f5efb1edcb0ebdba48123e2fda2a590/Doc Build and Upload/Doc Build and Upload,2022-05-21T20:02:55.6710293Z writing output... [ 64%] reference/api/pandas.tseries.offsets.BYearEnd.normalize .. reference/api/pandas.tseries.offsets.CustomBusinessHour.is_anchored,2022-05-21T20:26:45.9262589Z loading intersphinx inventory from https://arrow.apache.org/docs/objects.inv...,3
dataset/ymeynot45/lobsters-updates/216b11a062b2df74212ea2089f2bc02d3f6cfd1e/.github/workflows/check.yml/check,2022-07-20T13:16:00.6184074Z   DATABASE_URL: ***127.0.0.1/lobsters_dev,2022-07-20T13:56:21.9411946Z ,3
dataset/nextcloud/server/b0ee927ac1c5c7f921758b51c0c0fc2c0d70653a/S3 primary storage/s3-primary-summary,2022-07-01T09:19:32.2439949Z Discussions: write,2022-07-01T20:50:20.4140428Z Discussions: write,1
