path,index_line,line1,line2,annotation
dataset/karrioapi/karrio/4a2a69f3228d0d18f3a11d09bf0878de6d2acac0/karrio-tests/sdk-tests (3.8),1,2022-06-24T18:52:47.5927970Z karrio/core/metadata.py                                                        23      1      2      0    96%,2022-06-28T17:26:34.0388623Z                   </ship:ReferenceNumber>,2
dataset/karrioapi/karrio/4a2a69f3228d0d18f3a11d09bf0878de6d2acac0/karrio-tests/sdk-tests (3.8),1,2022-06-24T18:49:42.0181917Z Collecting GitPython>=1.0.1,2022-06-28T17:22:59.6918987Z Collecting GitPython>=1.0.1,1
dataset/karrioapi/karrio/3a59274c07d7b9f891b949601f4df13feeb9be4e/karrio-tests/server-insiders-tests,1,2022-07-10T15:15:22.9649663Z      ━━━━━━━━━━━━━━━━━━━━━━━━━━━━━━━━━━━━━━ 357.2/357.2 KB 51.8 MB/s eta 0:00:00,2022-07-11T14:05:17.0112787Z      ━━━━━━━━━━━━━━━━━━━━━━━━━━━━━━━━━━━━━━ 357.2/357.2 KB 83.8 MB/s eta 0:00:00,3
dataset/karrioapi/karrio/3a59274c07d7b9f891b949601f4df13feeb9be4e/karrio-tests/server-insiders-tests,1,2022-07-10T15:10:19.4755854Z Get:22 http://deb.debian.org/debian bullseye/main amd64 libcairo2 amd64 1.16.0-5 [694 kB],2022-07-11T14:00:50.3462956Z Get:22 http://deb.debian.org/debian bullseye/main amd64 libcairo2 amd64 1.16.0-5 [694 kB],1
dataset/karrioapi/karrio/d160fe59755a0aed183c54545da57ad0bae26e08/karrio-tests/sdk-tests (3.8),1,2022-07-24T06:57:13.1006553Z Resolving deltas:  95% (865/910),2022-07-25T14:16:12.1635652Z Resolving deltas:  95% (864/909),3
dataset/karrioapi/karrio/d160fe59755a0aed183c54545da57ad0bae26e08/karrio-tests/sdk-tests (3.8),1,2022-07-24T06:57:44.9255637Z   Installing build dependencies: finished with status 'done',2022-07-25T14:16:41.5564491Z   Installing build dependencies: finished with status 'done',1
dataset/mastodon/mastodon/1d696fd0706ed4e177fe7235626465129eaf11b8/Build container image/build-image,1,2022-06-01T10:56:39.4421253Z #17 11.97 Unpacking libheimntlm0-heimdal:amd64 (7.7.0+dfsg-1ubuntu1) ...,2022-06-01T11:16:15.5406332Z (Reading database ... 35%,2
dataset/mastodon/mastodon/1d696fd0706ed4e177fe7235626465129eaf11b8/Build container image/build-image,1,2022-06-01T11:50:38.0942301Z #32 735.1 Fetching rqrcode_core 1.2.0,2022-06-01T12:20:56.2858744Z #32 345.5 Fetching fastimage 2.2.6,2
dataset/mastodon/mastodon/f17e73da09e6c63665aee4e9731df7808094960e/Build container image/build-image,1,2022-05-07T03:01:18.2700689Z #19 151.4 Installing devise-two-factor 4.0.2,2022-05-09T05:54:05.4255709Z #19 157.6 Fetching lograge 0.12.0,2
dataset/mastodon/mastodon/f17e73da09e6c63665aee4e9731df7808094960e/Build container image/build-image,1,2022-05-07T03:03:15.2909336Z #24 38.56 Setting up libbinutils:amd64 (2.34-6ubuntu1.3) ...,2022-05-09T05:56:04.3488170Z #24 39.35 Setting up libvulkan1:amd64 (1.2.131.2-1) ...,2
dataset/mastodon/mastodon/331cca40159f7627f73c73030b512e5f616ed52b/Build container image/build-image,1,2022-04-12T01:28:57.0662645Z #12 53.45 checking for pthread_stackseg_np... no,2022-04-12T12:24:41.8687172Z #16 34.25   libctf0 libdpkg-perl libffi-dev libgcc-9-dev libgdbm-compat4 libgdbm-dev,2
dataset/mastodon/mastodon/331cca40159f7627f73c73030b512e5f616ed52b/Build container image/build-image,1,2022-04-12T03:00:04.9986390Z #39 346.1 gyp ERR! stack     at processTicksAndRejections (node:internal/process/task_queues:83:21),2022-04-12T12:39:22.5501131Z #16 913.5 checking for wait4... yes,2
dataset/mastodon/mastodon/e34dd3644c830895988a3116a7b6949fd81ed3fa/Build container image/build-image,1,2022-05-27T18:12:14.5341429Z #24 352.5 make[1]: Entering directory '/root/ruby-3.0.3',2022-05-27T18:14:20.7712282Z #15 454.4 making enc,2
dataset/mastodon/mastodon/e34dd3644c830895988a3116a7b6949fd81ed3fa/Build container image/build-image,1,2022-05-27T18:12:11.1643097Z #24 349.1 This is free software; see the source for copying conditions.  There is NO,2022-05-27T18:14:16.5277578Z #15 450.1 ,2
dataset/mastodon/mastodon/a6508d652b8a6e99980909bb67db59b39e831c81/Build container image/build-image,1,2022-05-03T01:44:46.8649269Z #16 93.39   2750K .......... .......... .......... .......... .......... 14% 3.40M 5s,2022-05-03T01:46:43.2075502Z #16 125.0   1650K .......... .......... .......... .......... ..........  8% 2.49M 6s,3
dataset/mastodon/mastodon/a6508d652b8a6e99980909bb67db59b39e831c81/Build container image/build-image,1,2022-05-03T02:29:56.2879066Z #16 2802.8 make[2]: Entering directory '/root/ruby-3.0.3/ext/syslog',2022-05-03T02:47:52.3091239Z #16 3794.1 ,2
dataset/mastodon/mastodon/dc503472477000597f2ff1b6a5c37e8ac4dd2d8c/Build container image/build-image,1,"2022-04-09T18:11:38.9421099Z             ""WorkingDir"": """",","2022-04-11T19:17:23.6522725Z             ""Entrypoint"": null,",2
dataset/mastodon/mastodon/dc503472477000597f2ff1b6a5c37e8ac4dd2d8c/Build container image/build-image,1,2022-04-09T18:11:45.5409884Z  Images: 21,2022-04-11T19:17:31.1007053Z  Server Version: 20.10.14+azure-1,2
dataset/tillsteinbach/VWsFriend/9c8aa15298030a2dc04815849da6048f1cec277c/grafana Build/vwsfriend-grafana,1,2022-05-16T07:07:08.3339314Z Resolving deltas:   8% (9/101),2022-05-17T11:55:27.3932369Z Resolving deltas:   8% (9/102),3
dataset/tillsteinbach/VWsFriend/9c8aa15298030a2dc04815849da6048f1cec277c/grafana Build/vwsfriend-grafana,1,2022-05-16T07:07:07.9034035Z Syncing repository: ***/VWsFriend,2022-05-17T11:55:26.7321908Z Syncing repository: ***/VWsFriend,1
dataset/lukas-krecan/JsonUnit/4bfae6093ae40a9f18741c514a3d9bcdb640136a/CI/build (8),1,2022-05-05T17:47:44.2368038Z 1,2022-05-05T17:59:50.7029105Z ------------,2
dataset/lukas-krecan/JsonUnit/4bfae6093ae40a9f18741c514a3d9bcdb640136a/CI/build (8),1,2022-05-05T17:47:57.3377385Z ,2022-05-05T18:00:05.2458461Z 18:00:05.244 [main] DEBUG net.javacrumbs.jsonunit.difference.diff - JSON documents are different:,2
dataset/AliveToolkit/alive2/eb5b9484f715f2977878d18416466ea549e9e6a9/Build/macos-latest clang++ Release,1,2022-06-23T14:24:44.5223860Z remote: Compressing objects:  30% (333/1110)        ,2022-06-26T18:11:35.5081940Z remote: Compressing objects:  30% (333/1108)        ,3
dataset/AliveToolkit/alive2/eb5b9484f715f2977878d18416466ea549e9e6a9/Build/macos-latest clang++ Release,1,2022-06-23T14:24:39.9526030Z Prepare all required actions,2022-06-26T18:11:31.3202440Z Prepare all required actions,1
dataset/migueldeicaza/gui.cs/f05cba2d81b963fb4cdddcb8fd63d4ba7bc55170/Code scanning - action/CodeQL-Build,1,2022-05-04T15:01:49.6951010Z Resolving deltas:  54% (166/306),2022-05-05T14:14:21.8228401Z Resolving deltas:  54% (144/265),3
dataset/migueldeicaza/gui.cs/f05cba2d81b963fb4cdddcb8fd63d4ba7bc55170/Code scanning - action/CodeQL-Build,1,2022-05-04T15:01:43.8448651Z Pages: write,2022-05-05T14:14:14.2121732Z Pages: read,2
dataset/migueldeicaza/gui.cs/736d10598bb508a80cbd4bba746ec7bbc975eef6/Code scanning - action/CodeQL-Build,1,2022-05-09T02:30:20.0558484Z [command]/usr/bin/git -c protocol.version=2 fetch --no-tags --prune --progress --no-recurse-submodules --depth=2 origin +736d10598bb508a80cbd4bba746ec7bbc975eef6:refs/remotes/origin/main,2022-05-11T14:11:59.6607522Z [command]/usr/bin/git -c protocol.version=2 fetch --no-tags --prune --progress --no-recurse-submodules --depth=2 origin +970052012f61dbab9fc2534dd6892e83c1ceec14:refs/remotes/origin/dependabot/nuget/Microsoft.NET.Test.Sdk-17.2.0,3
dataset/migueldeicaza/gui.cs/736d10598bb508a80cbd4bba746ec7bbc975eef6/Code scanning - action/CodeQL-Build,1,2022-05-09T02:30:20.7332747Z ##[endgroup],2022-05-11T14:12:00.8096048Z ##[endgroup],1
dataset/migueldeicaza/gui.cs/d16f0f607f18b57ea9810c9e58f64eec1e0b190b/Build Terminal.Gui with .NET Core/build,1,"2022-06-11T10:19:22.1558946Z        Skipping target ""CoreGenerateSatelliteAssemblies"" because all output files are up-to-date with respect to the input files.","2022-06-11T10:25:42.8992895Z      5>Done Building Project ""/home/runner/work/gui.cs/gui.cs/Terminal.Gui/Terminal.Gui.csproj"" (Build target(s)).",2
dataset/migueldeicaza/gui.cs/d16f0f607f18b57ea9810c9e58f64eec1e0b190b/Build Terminal.Gui with .NET Core/build,1,2022-06-11T10:18:46.2219137Z remote: Counting objects:  41% (240/583)        ,2022-06-11T10:24:59.2692906Z remote: Counting objects:  41% (240/583)        ,1
dataset/migueldeicaza/gui.cs/eb0e5003a64e08a687d4427d1eae8f88b64c2b42/Code scanning - action/CodeQL-Build,1,2022-05-15T01:25:18.2602084Z Resolving deltas:  73% (194/265),2022-05-16T14:10:38.3153726Z Resolving deltas:  73% (197/269),3
dataset/migueldeicaza/gui.cs/eb0e5003a64e08a687d4427d1eae8f88b64c2b42/Code scanning - action/CodeQL-Build,1,2022-05-15T01:25:18.0371359Z Receiving objects:  46% (271/588),2022-05-16T14:10:38.0596861Z Receiving objects:  46% (271/587),3
dataset/migueldeicaza/gui.cs/3a8a537639aef3721413e2abea63ec1ff511faaf/Code scanning - action/CodeQL-Build,1,"2022-04-22T16:17:55.2397867Z       ""/opt/hostedtoolcache/CodeQL/0.0.0-20220401/x64/codeql/qlpacks/codeql/csharp-queries/0.0.13/Security Features/CWE-117/LogForging.ql"" : { },","2022-04-25T14:07:23.7110332Z       authorization: 'token [REDACTED]',",2
dataset/migueldeicaza/gui.cs/3a8a537639aef3721413e2abea63ec1ff511faaf/Code scanning - action/CodeQL-Build,1,2022-04-22T16:17:48.1652817Z Receiving objects:  33% (194/586),2022-04-25T14:07:22.4666463Z Receiving objects:  33% (193/582),3
dataset/wp-graphql/wp-graphql/16b159fe40ebdc12e1b7ce968b27ec0a9d1943e2/Code Quality/Check code (8),1,"2022-06-17T18:20:52.2448063Z Receiving objects:  51% (345/675), 18.30 MiB | 36.60 MiB/s","2022-06-21T14:06:44.0290799Z Receiving objects:  51% (345/675), 24.26 MiB | 48.51 MiB/s",3
dataset/wp-graphql/wp-graphql/16b159fe40ebdc12e1b7ce968b27ec0a9d1943e2/Code Quality/Check code (8),1,2022-06-17T18:20:58.3942358Z   - Upgrading symfony/deprecation-contracts (v2.5.1 => v3.0.1),2022-06-21T14:06:54.7701383Z   - Upgrading php-stubs/wordpress-stubs (v5.9.3 => v6.0.0),2
"dataset/neoclide/coc.nvim/c32c53a29b1f7efa3cf70fdfddee11a22a8b8e8e/Dev/test (14 0.7.0)""",1,2022-05-23T22:12:55.2030477Z remote: Compressing objects:  38% (161/422)        ,2022-05-23T22:29:21.9656676Z remote: Compressing objects:  38% (161/422)        ,1
"dataset/neoclide/coc.nvim/c32c53a29b1f7efa3cf70fdfddee11a22a8b8e8e/Dev/test (14 0.7.0)""",1,2022-05-23T22:16:25.4245254Z [command]/usr/local/bin/yarn --version,"2022-05-23T22:32:57.9620155Z   file.ts                       |   88.29 |       70 |   90.91 |   91.84 | 43,70,80,101-102,124,129,131                                                                                                                                                                                                                                                                                                                                                                                                                                                                                                                                                                                                                                                                                                                                                                                                                                                                                                                                                                                                                                                                     ",2
"dataset/neoclide/coc.nvim/c32c53a29b1f7efa3cf70fdfddee11a22a8b8e8e/Dev/test (16 0.7.0)""",1,"2022-05-23T22:17:48.2456275Z   memos.ts                      |   90.32 |    83.33 |     100 |      90 | 31,44,49                                                                                                                                                                                                                                                                                                                                                                                                                                                                                                                                                                                                                                                                                                                                                                                                                                                                                                                                                                                                                                                                                         ","2022-05-23T22:33:46.9435480Z   download.ts                   |    72.5 |     56.6 |   61.54 |    72.5 | 39,45,48,55-57,72-78,95,99-100,123,128-133,137,140                                                                                                                                                                                                                                                                                                                                                                                                                                                                                                                                                                                                                                                                                                                                                                                                                                                                                                                                                                                                                                               ",2
"dataset/neoclide/coc.nvim/c32c53a29b1f7efa3cf70fdfddee11a22a8b8e8e/Dev/test (16 0.7.0)""",1,"2022-05-23T22:17:47.7142040Z   buffer.ts                     |    91.5 |    82.81 |   93.75 |   95.47 | 138,288-291,317-318,426,434-437                                                                                                                                                                                                                                                                                                                                                                                                                                                                                                                                                                                                                                                                                                                                                                                                                                                                                                                                                                                                                                                                  ",2022-05-23T22:33:46.9238517Z   buffer.ts                     |   96.08 |     86.6 |     100 |   99.23 | 180                                                                                                                                                                                                                                                                                                                                                                                                                                                                                                                                                                                                                                                                                                                                                                                                                                                                                                                                                                                                                                                                                              ,2
"dataset/neoclide/coc.nvim/9bec5321d9e69d601f64977b2888735704b47436/Dev/test (14 0.7.0)""",1,"2022-08-02T14:57:13.1578115Z   installer.ts                  |   94.06 |    84.85 |     100 |   95.83 | 46,136,202-204,216,233,255                                                                                                                                                                                                                                                                                                                                                                                                                                                                                                                                                                                                                                                                                                                                                                                                                                                                                                                                                                                                                                                                       ","2022-08-03T09:54:54.4680436Z   session.ts                    |   95.93 |    85.22 |     100 |   98.39 | 226-227,327-329,558                                                                                                                                                                                                                                                                                                                                                                                                                                                                                                                                                                                                                                                                                                                                                                                                                                                                                                                                                                                                                                                                              ",2
"dataset/neoclide/coc.nvim/9bec5321d9e69d601f64977b2888735704b47436/Dev/test (14 0.7.0)""",1,2022-08-02T14:53:43.5370121Z Contents: write,2022-08-03T09:51:07.2299640Z Contents: write,1
"dataset/neoclide/coc.nvim/36cc9646a0ad804fc7199331511a75cc0ceb8f4b/Dev/test (ubuntu-latest 16)""",1,"2022-05-13T11:55:05.3580157Z Resolving deltas: 100% (34/34), done.",2022-05-13T12:55:58.1301171Z  * [new ref]         53f54c36a450251e319f4b58686c1a98a24e09e2 -> origin/master,2
"dataset/neoclide/coc.nvim/36cc9646a0ad804fc7199331511a75cc0ceb8f4b/Dev/test (ubuntu-latest 16)""",1,2022-05-13T11:55:04.6660664Z hint: ,2022-05-13T12:55:57.5470797Z hint: ,1
"dataset/neoclide/coc.nvim/7240bdc1be0269b0675d96611b05bdc4526bb996/Dev/test (14 0.7.0)""",1,2022-08-05T19:03:41.0692442Z Receiving objects:  63% (298/472),2022-08-06T16:21:06.5590656Z Receiving objects:  63% (296/469),3
"dataset/neoclide/coc.nvim/7240bdc1be0269b0675d96611b05bdc4526bb996/Dev/test (14 0.7.0)""",1,2022-08-05T19:03:41.3858299Z [command]/usr/local/bin/yarn --version,2022-08-06T16:21:07.2373554Z [command]/usr/local/bin/yarn cache dir,3
"dataset/neoclide/coc.nvim/7240bdc1be0269b0675d96611b05bdc4526bb996/Dev/test (16 0.7.0)""",1,2022-08-05T19:06:22.0428481Z PASS src/__tests__/handler/inlayHint.test.ts,2022-08-06T16:23:16.5256255Z PASS src/__tests__/modules/configurations.test.ts,2
"dataset/neoclide/coc.nvim/7240bdc1be0269b0675d96611b05bdc4526bb996/Dev/test (16 0.7.0)""",1,2022-08-05T19:03:39.3455410Z remote: Counting objects:   3% (15/472)        ,2022-08-06T16:21:06.3686294Z remote: Counting objects:   3% (15/469)        ,3
"dataset/neoclide/coc.nvim/29e5cee64d8fba94ead39552ec6c8819876099c1/Dev/test (16 0.7.0)""",1,2022-05-21T22:56:44.9331670Z Receiving objects:  72% (336/466),2022-05-22T09:05:44.1253918Z Receiving objects:  72% (332/460),3
"dataset/neoclide/coc.nvim/29e5cee64d8fba94ead39552ec6c8819876099c1/Dev/test (16 0.7.0)""",1,2022-05-21T22:56:44.9318185Z Receiving objects:  68% (317/466),2022-05-22T09:05:44.1228454Z Receiving objects:  68% (313/460),3
dataset/neoclide/coc.nvim/2094e25197d7782d65bfe1ccfe053df5402dfd67/Lint/Lint,1,2022-05-21T16:31:47.5376141Z Receiving objects:  89% (407/457),2022-05-21T16:53:42.1964282Z Receiving objects:  89% (407/457),1
dataset/neoclide/coc.nvim/2094e25197d7782d65bfe1ccfe053df5402dfd67/Lint/Lint,1,2022-05-21T16:31:47.4954869Z Receiving objects:  28% (128/457),2022-05-21T16:53:42.1545327Z Receiving objects:  28% (128/457),1
"dataset/neoclide/coc.nvim/d0e6301e196264230ffc855cd5e1f196cb5a428b/Dev/test (ubuntu-latest 14)""",1,2022-05-13T03:38:06.4616426Z   persist-credentials: true,2022-05-13T04:26:27.0418281Z   persist-credentials: true,1
"dataset/neoclide/coc.nvim/d0e6301e196264230ffc855cd5e1f196cb5a428b/Dev/test (ubuntu-latest 14)""",1,2022-05-13T03:38:07.1509461Z remote: Counting objects:  58% (269/463)        ,2022-05-13T04:26:27.7958456Z remote: Counting objects:  58% (272/468)        ,3
"dataset/neoclide/coc.nvim/facfc0b419bfafb1f48a04c394574ee9345b25bf/Dev/test (16 0.7.0)""",1,2022-05-19T10:51:17.6199948Z Resolving deltas:  77% (24/31),2022-05-19T14:58:15.1794294Z Resolving deltas:  77% (24/31),1
"dataset/neoclide/coc.nvim/facfc0b419bfafb1f48a04c394574ee9345b25bf/Dev/test (16 0.7.0)""",1,2022-05-19T10:56:09.9559495Z   documentLinkManager.ts        |   91.18 |    78.57 |     100 |   96.67 | 50                                                                                                                                                                                                                                                                                                                                                                                                                                                                                                                                                                                                                                                                                                                                                                                                                                                                                                                                                                                                                                                                                               ,"2022-05-19T15:03:23.0984352Z   folders.ts                    |      50 |        0 |   42.86 |   53.13 | 21-27,31,35-43                                                                                                                                                                                                                                                                                                                                                                                                                                                                                                                                                                                                                                                                                                                                                                                                                                                                                                                                                                                                                                                                                   ",2
"dataset/neoclide/coc.nvim/3dde9b8ccab9acee0ef085087b26fa98401eefeb/Dev/test (14 0.7.0)""",1,2022-08-03T17:37:13.8081984Z remote: Compressing objects:  97% (419/431)        ,2022-08-04T11:41:42.5105503Z remote: Compressing objects:  97% (421/433)        ,3
"dataset/neoclide/coc.nvim/3dde9b8ccab9acee0ef085087b26fa98401eefeb/Dev/test (14 0.7.0)""",1,"2022-08-03T17:40:41.8569366Z   callHierarchyManager.ts       |   84.38 |    58.33 |     100 |     100 | 24-26,34-42                                                                                                                                                                                                                                                                                                                                                                                                                                                                                                                                                                                                                                                                                                                                                                                                                                                                                                                                                                                                                                                                                      ",2022-08-04T11:45:21.5367212Z  src/model                      |   88.48 |    76.21 |   93.18 |    90.6 |                                                                                                                                                                                                                                                                                                                                                                                                                                                                                                                                                                                                                                                                                                                                                                                                                                                                                                                                                                                                                                                                                                  ,2
"dataset/neoclide/coc.nvim/9cf278d18f89b9e4ac96cbe0ca44098ed0d7308c/Dev/test (14 0.7.0)""",1,2022-05-28T13:03:48.7777692Z remote: Compressing objects:   1% (5/425)        ,2022-05-28T14:16:24.9696636Z remote: Compressing objects:   1% (5/426)        ,3
"dataset/neoclide/coc.nvim/9cf278d18f89b9e4ac96cbe0ca44098ed0d7308c/Dev/test (14 0.7.0)""",1,2022-05-28T13:03:48.7750970Z remote: Counting objects:  16% (74/462)        ,2022-05-28T14:16:24.9671101Z remote: Counting objects:  16% (75/464)        ,3
"dataset/neoclide/coc.nvim/9cf278d18f89b9e4ac96cbe0ca44098ed0d7308c/Dev/test (16 0.7.0)""",1,2022-05-28T13:07:18.5616556Z PASS src/__tests__/client/connection.test.ts,2022-05-28T14:19:44.6260067Z PASS src/__tests__/handler/highlights.test.ts,2
"dataset/neoclide/coc.nvim/9cf278d18f89b9e4ac96cbe0ca44098ed0d7308c/Dev/test (16 0.7.0)""",1,2022-05-28T13:03:50.2618389Z remote: Counting objects:  92% (426/462)        ,2022-05-28T14:16:24.6725186Z remote: Counting objects:  92% (427/464)        ,3
dataset/RequiDev/ReModCE/81f4d5a26424b78e83f3ebf5f713bc0c47591653/release_on_tag/build,1,2022-04-14T17:04:06.6194651Z ##[endgroup],2022-04-21T20:19:05.8977089Z Updating files:  58% (150/257),2
dataset/RequiDev/ReModCE/81f4d5a26424b78e83f3ebf5f713bc0c47591653/release_on_tag/build,1,2022-04-14T17:04:06.4832877Z Resolving deltas:  75% (15/20),2022-04-21T20:19:05.7389103Z Updating files:  49% (126/257),2
dataset/RequiDev/ReModCE/d8ef4613f6b4c58f6ca6c2741f154b1b8c97ba6a/release_on_tag/build,1,2022-04-30T22:18:56.4104732Z remote: Counting objects:  27% (71/260)        ,2022-05-02T06:27:22.4414747Z remote: Counting objects:  44% (120/271)        ,3
dataset/RequiDev/ReModCE/d8ef4613f6b4c58f6ca6c2741f154b1b8c97ba6a/release_on_tag/build,1,2022-04-30T22:18:28.9285228Z Environment: windows-2022,2022-05-02T06:26:53.4260365Z Environment: windows-2022,1
dataset/RequiDev/ReModCE/87c446b183727a62e7489993e4eb7586abae1aed/main/build,1,2022-05-02T06:57:46.3341700Z Updating files:  60% (161/268),2022-05-09T18:04:46.4040132Z Updating files:  40% (108/268),3
dataset/RequiDev/ReModCE/87c446b183727a62e7489993e4eb7586abae1aed/main/build,1,"2022-05-02T06:57:42.8405956Z Receiving objects:  10% (28/271), 932.00 KiB | 624.00 KiB/s","2022-05-09T18:04:42.6531535Z Receiving objects:  11% (30/271), 932.00 KiB | 626.00 KiB/s",3
"dataset/sveltejs/svelte/0fa0a38d5168a1767843fdb0a43c00aa30b8670f/CI/Tests (12 macOS-latest)""",1,2022-07-06T10:03:41.4211010Z     ✓ component-svelte-slot-let (with hydration from ssr rendered html) (212ms),2022-07-06T10:13:43.0251930Z     ✓ component-svelte-slot-let-aliased  (40ms),2
"dataset/sveltejs/svelte/eca1a652fb3939be477a194fe2aeaefec5cae207/CI/Tests (8 windows-latest)""",1,2022-04-08T17:31:28.4680180Z  * [new tag]             v1.4.0                -> v1.4.0,2022-04-08T17:36:40.5150773Z  * [new tag]             v1.4.0                -> v1.4.0,1
"dataset/sveltejs/svelte/3a238fe057c9b74c13b962defca56da8003ed3c7/CI/Tests (12 macOS-latest)""",1,2022-04-14T14:34:04.5472350Z  * [new tag]             v1.58.1               -> v1.58.1,2022-04-16T01:41:37.0117540Z  * [new tag]             v1.58.2               -> v1.58.2,3
dataset/pandas-dev/pandas/619ce2d03fdcad58a69697afa72d898a34a7b42f/Posix/actions-38.yaml pyarrow=5 single_cpu,1,2022-04-27T12:34:02.3478968Z  * [new tag]               v0.15.2pre            -> v0.15.2pre,2022-04-27T12:43:01.2546812Z  * [new tag]               debian/0.5.0+git7-gcf32be2-1 -> debian/0.5.0+git7-gcf32be2-1,2
dataset/pandas-dev/pandas/6317d81ea3681d24773ff208c4bb12d8e50eca78/Code Checks/Docstring and typing validation,1,2022-06-09T18:58:21.7369550Z Resolving deltas:  42% (111262/260918),2022-06-09T19:01:18.1368371Z Resolving deltas:  40% (104371/260927),3
"dataset/cakephp/cakephp/3cceb0daa1401f39acc90a68d2798500e623d1c6/CI/testsuite (8.2 mysql)""",1,2022-06-12T04:01:18.8017507Z e1fef7f6a8d1: Pulling fs layer,2022-06-13T02:51:19.1042405Z e1fef7f6a8d1: Pulling fs layer,1
dataset/cakephp/cakephp/3cceb0daa1401f39acc90a68d2798500e623d1c6/CI/Coding Standard & Static Analysis,1,2022-06-12T04:01:26.4198943Z Resolving deltas:  33% (228/688),2022-06-13T06:52:29.2538939Z Resolving deltas:  33% (228/688),1
"dataset/cakephp/cakephp/df1de71122d9205439e846a39e4a33f5d7bf1775/CI/testsuite (7.4 mysql prefer-lowest)""",1,2022-05-28T10:24:05.3615392Z remote: Counting objects:  24% (522/2171)        ,2022-05-29T23:57:09.5648745Z remote: Counting objects:  26% (565/2172)        ,3
dataset/cakephp/cakephp/df1de71122d9205439e846a39e4a33f5d7bf1775/CI/Coding Standard & Static Analysis,1,2022-05-28T10:23:37.6682225Z Resolving deltas:  70% (479/684),2022-05-29T23:56:23.4541934Z Resolving deltas:  70% (480/685),3
dataset/cakephp/cakephp/df1de71122d9205439e846a39e4a33f5d7bf1775/CI/Coding Standard & Static Analysis,1,2022-05-28T10:23:37.6305926Z Receiving objects:  83% (1802/2171),2022-05-29T23:56:23.4179952Z Receiving objects:  84% (1825/2172),3
